datetime,open,high,low,close,volume
2026-03-12T12:00:00+00:00,54475.01,54500,53437.99,53443.01,51803
2026-03-13T00:00:00+00:00,53443.01,54038,52672.5,53852.5,45721
2026-03-13T12:00:00+00:00,53852.5,54247.51,53064.99,53160,42948
2026-03-15T12:00:00+00:00,53160,53677.99,52787.99,53642.99,2436
2026-03-16T00:00:00+00:00,53642.99,54087.5,53078,54070,37580
2026-03-16T12:00:00+00:00,54070,54567.49,54067.49,54303.01,27762.870352671252
2026-03-17T00:00:00+00:00,54303.01,54363,53437.99,53932.51,28429
2026-03-17T12:00:00+00:00,53932.51,54647.49,53917.49,54237.08,23972.531282809272
2026-03-18T00:00:00+00:00,54237.08,55281.59,54227.09,54611.59,20382
2026-03-18T12:00:00+00:00,54611.59,54626.59999999999,53297.079999999994,53527.81,35196.57191238429
2026-03-19T00:00:00+00:00,53527.81,53882.8,52339.8,52572.79,44926
2026-03-19T12:00:00+00:00,52572.79,53387.81,51834.8,53307.81,62596.94994969915
2026-03-20T00:00:00+00:00,53307.81,53617.3,52637.29,53099.8,30745
2026-03-20T12:00:00+00:00,53099.8,53214.81,51024.8,51117.29,48710
2026-03-22T12:00:00+00:00,51117.29,51314.79,50532.79,51077.81,3223
2026-03-23T00:00:00+00:00,51077.81,54117.79,50557.8,52617.8,86250
2026-03-23T12:00:00+00:00,52617.8,53767.31,52377.8,52927.8,64712.07922688002
2026-03-24T00:00:00+00:00,52927.8,53027.29,51542.8,52752.29,54464
2026-03-24T12:00:00+00:00,52752.29,53524.79,52102.29,53412.79,57727.774854111405
2026-03-25T00:00:00+00:00,53412.79,54317.31,53317.81,53972.31,37989
2026-03-25T12:00:00+00:00,53972.31,54109.79,53362.3,53797.8,40607.92800301556
2026-03-26T00:00:00+00:00,53797.8,54112.3,52817.79,52824.81,43702
2026-03-26T12:00:00+00:00,52824.81,53409.81,52262.79,52825.79,35822.45543748252
2026-03-27T00:00:00+00:00,52825.79,53630.8,51942.81,52120.31,41795
2026-03-27T12:00:00+00:00,52120.31,52162.79,51395.79,51450.79,33425
2026-03-29T12:00:00+00:00,51447.79,51447.79,50345.21,50735.2,3478
2026-03-30T00:00:00+00:00,50735.2,52130.22,50305.22,51729.72,49251
2026-03-30T12:00:00+00:00,51729.72,51912.22,50695.21,50895.22,44705.71136930995
2026-03-31T00:00:00+00:00,50895.22,52075.21,50445.2,51655.21,68977
2026-03-31T12:00:00+00:00,51655.21,53175.22,51410.2,53175.22,84792.74069791885
2026-04-01T00:00:00+00:00,53175.22,54167.21,52630.2,54089.7,39334
2026-04-01T12:00:00+00:00,54089.7,54582.22,53685.22,54122.7,42085.473048115644
2026-04-02T00:00:00+00:00,54122.7,54212.72,52189.7,52189.7,61364
2026-04-02T12:00:00+00:00,52189.7,53512.21,52079.71,53005.2,58721.216002171874
2026-04-03T00:00:00+00:00,53005.2,53389.7,52840.21,53237.22,14550
2026-04-03T12:00:00+00:00,53237.22,53405.2,53094.7,53210.899999999994,9944.535418922394
2026-04-05T12:00:00+00:00,53167.21,53167.21,52580.2,53155.22,2110.208333333333
2026-04-06T00:00:00+00:00,53155.22,54087.21,53140.21,53664.7,25122
2026-04-06T12:00:00+00:00,53664.7,53959.72,53500.21,53642.71,21228.731914088807
2026-04-07T00:00:00+00:00,53642.71,53995.21,53123.21,53335.21,41459
2026-04-07T12:00:00+00:00,53335.21,56344.71,52747.7,56120.2,44036
2026-04-08T00:00:00+00:00,56120.2,56987.22,55610.2,56959.71,48426
2026-04-08T12:00:00+00:00,56959.71,57262.2,56355.21,56380.22,50564
2026-04-09T00:00:00+00:00,56380.22,56434.71,55685.21,56029.71,35736
2026-04-09T12:00:00+00:00,56029.71,56784.72,55804.71,56542.74,40327.784143396944
2026-04-10T00:00:00+00:00,56542.74,57155.26,56483.25,57055.26,21166
2026-04-10T12:00:00+00:00,57055.26,57405.26,57042.75,57385.25,20053.67443678467
2026-04-12T12:00:00+00:00,57387.75,57387.75,55845.71,56335.71,2594
2026-04-13T00:00:00+00:00,56335.71,56782.73,56250.71,56375.21,24054
2026-04-13T12:00:00+00:00,56375.21,57760.6,56320.72,57451.1,25819
2026-04-14T00:00:00+00:00,57451.1,58240.61,57391.1,58130.59,20967
2026-04-14T12:00:00+00:00,58130.59,58826.95,58096.09,58679.95,15770.900948366701
2026-04-15T00:00:00+00:00,58679.95,58699.94,58074.95,58269.43,20202
2026-04-15T12:00:00+00:00,58269.43,58692.16,58149.93,58577.64,13954.54182836584
2026-04-16T00:00:00+00:00,58577.64,59727.15,58562.66,59254.64,19823
2026-04-16T12:00:00+00:00,59254.64,59526.95,58867.16,59331.95,23523.096467062598
2026-04-17T00:00:00+00:00,59331.95,59421.94,58556.95,59011.93,15904
2026-04-17T12:00:00+00:00,59011.93,60054.45,59004.45,59711.44,28803.612842712842
2026-04-19T12:00:00+00:00,59721.94,59721.94,58657.45,58942.44,2122
2026-04-20T00:00:00+00:00,58942.44,59216.94,58632.44,58894.43,22434
2026-04-20T12:00:00+00:00,58894.43,59384.41,58797.43,59071.92,20379.622147006135
2026-04-21T00:00:00+00:00,59071.92,59661.41,59071.92,59203.9,14068
2026-04-21T12:00:00+00:00,59203.9,59228.9,58286.4,59068.03,40688.26161815526
2026-04-22T00:00:00+00:00,59068.03,59820.03,59038.01,59500.03,22667
2026-04-22T12:00:00+00:00,59500.03,60008.45,59375.01,59938.94,23516.93194093585
2026-04-23T00:00:00+00:00,59938.94,60225.94,58658.93,59135.94,41879
2026-04-23T12:00:00+00:00,59135.94,59450.93,58320.93,59397.94,49206.27337877806
2026-04-24T00:00:00+00:00,59397.94,60092.46,59277.94,59882.46,41538
2026-04-24T12:00:00+00:00,59882.46,60107.44,59584.94,59989.96,31544.573668882083
2026-04-26T12:00:00+00:00,59987.46,60115.52,59676.04,60110.53,1539
2026-04-27T00:00:00+00:00,60110.53,60930.52,59631.02,60543.02,33328
2026-04-27T12:00:00+00:00,60543.02,60558.04,59968.02,60341.79,21918
2026-04-28T00:00:00+00:00,60341.79,60471.31,59231.8,59296.3,37364
2026-04-28T12:00:00+00:00,59296.3,59431.3,58858.8,59296.01,35921.49875348897
2026-04-29T00:00:00+00:00,59296.01,59501.02,59016.02,59261.02,26457
2026-04-29T12:00:00+00:00,59261.02,59313.52,58558.53,59162.17,47590.63763907368
2026-04-30T00:00:00+00:00,59162.17,59652.18,58807.19,59167.19,55021
2026-04-30T12:00:00+00:00,59167.19,59882.23,59092.19,59657.71,31156.769830669546
2026-05-01T00:00:00+00:00,59657.71,59732.22,59067.72,59182.23,18985
2026-05-01T12:00:00+00:00,59182.23,59582.22,59072.23,59277.71,18428.684005020223
2026-05-03T12:00:00+00:00,59277.71,59741.09,59277.71,59436.09,2305
2026-05-04T00:00:00+00:00,59436.09,59980.57,59095.59,59610.58,35030
2026-05-04T12:00:00+00:00,59610.58,60010.58,59241.07,59342.26,38373.374057091096
2026-05-05T00:00:00+00:00,59342.26,60001.77,59282.26,59969.26,22553.35838361675
2026-05-05T12:00:00+00:00,59969.26,61228.48,59927.28,60993.49,18978
2026-05-06T00:00:00+00:00,60993.49,62345.48,60958.47,62057.98,41616
2026-05-06T12:00:00+00:00,62057.98,62322.99,61552.98,61862.189999999995,33066.058337506256
2026-05-07T00:00:00+00:00,61862.189999999995,63344.18,61817.18,62751.7,42572
2026-05-07T12:00:00+00:00,62751.7,62946.68,61954.04,62434.05,47041.90908240965
2026-05-08T00:00:00+00:00,62434.05,63068.56,62109.06,62891.04,44404
2026-05-08T12:00:00+00:00,62891.04,63706.05,62849.05,63631.56,27293.596707392833
2026-05-10T12:00:00+00:00,63634.06,63807.43,63317.91,63442.92,2474
2026-05-11T00:00:00+00:00,63442.92,63497.93,62342.42,62604.93,38211
2026-05-11T12:00:00+00:00,62604.93,63058.88,62507.93,62839.37,23511.97119145744
2026-05-12T00:00:00+00:00,62839.37,63238.89,62179.38,62433.87,52621
2026-05-12T12:00:00+00:00,62433.87,62709.94,61763.87,62275.43,41365.47956187895
2026-05-13T00:00:00+00:00,62275.43,63412.42,62250.43,63022.44,35751
2026-05-13T12:00:00+00:00,63022.44,63728.38,62704.93,63708.89,23603.391736916154
2026-05-14T00:00:00+00:00,63708.89,63843.39,62533.87,62985.87,41387
2026-05-14T12:00:00+00:00,62985.87,63127.41,62668.88,62957.91,24327.103593339176
2026-05-15T00:00:00+00:00,62957.91,63267.4,60967.89,61749.91,64122
2026-05-15T12:00:00+00:00,61749.91,62097.39,61580.4,61652.4,45320.59209277807
2026-05-17T12:00:00+00:00,61654.89,61841.74,61402.26,61717.26,4306
2026-05-18T00:00:00+00:00,61717.26,61787.25,60392.25,61259.25,79547
2026-05-18T12:00:00+00:00,61259.25,61811.76,60842.24,61278.73,57313
2026-05-19T00:00:00+00:00,61278.73,61498.24,60205.72000000001,60308.240000000005,75956
2026-05-19T12:00:00+00:00,60308.240000000005,60988.240000000005,59945.740000000005,60465.2,58303
2026-05-20T00:00:00+00:00,60465.2,60485.22,59315.21,60282.22,86402
2026-05-20T12:00:00+00:00,60282.22,61539.72,60259.71,61361.23,50957
2026-05-21T00:00:00+00:00,61361.23,62053.73,60991.75,61178.75,56031
2026-05-21T12:00:00+00:00,61178.75,62382.15,61111.73,62362.14,46837
2026-05-22T00:00:00+00:00,62362.14,63471.65,62297.15,63069.15,40343
2026-05-22T12:00:00+00:00,63069.15,63776.65,63061.63,63309.14,29215.85682074408
2026-05-24T12:00:00+00:00,63306.64,64199.74,63306.64,64000.25,3404
2026-05-25T00:00:00+00:00,64000.25,65409.74,63790.23,65277.23,34189
2026-05-25T12:00:00+00:00,65277.23,65664.75,65150.91,65365.93,11059.223097630622
2026-05-26T00:00:00+00:00,65365.93,65627.91,64620.92,65502.93,50281
2026-05-26T12:00:00+00:00,65502.93,66237.26,65222.93,66237.24,25728.27098997494
2026-05-27T00:00:00+00:00,66237.24,66496.76,64937.26,65259.25,47935
2026-05-27T12:00:00+00:00,65259.25,65581.76,64618.54,64643.53,33696.35198473158
2026-05-28T00:00:00+00:00,64643.53,65168.53,63878.53,64500.54,58490
2026-05-28T12:00:00+00:00,64500.54,65895.52,64493.02,65744.91,28313.392241053923
2026-05-29T00:00:00+00:00,65744.91,66649.39,65579.89,66331.89,42659
2026-05-29T12:00:00+00:00,66331.89,66444.39,66046.89,66209.87999999999,26622.429431634602
2026-05-31T12:00:00+00:00,66209.9,66753.44,66038.44,66313.46,2560.6616491724253
2026-06-01T00:00:00+00:00,66313.46,67257.96,66298.44,66995.45,41131
2026-06-01T12:00:00+00:00,66995.45,67610.46,66508.44,67149.65,40089.37339850809
2026-06-02T00:00:00+00:00,67149.65,67179.65,65564.65,66761.66,56461
2026-06-02T12:00:00+00:00,66761.66,67741.03,66686.64,67716.02,24711.8875983025
2026-06-03T00:00:00+00:00,67716.02,68778.02,67401.03,68490.52,44715
2026-06-03T12:00:00+00:00,68490.52,68515.53,67152.1,67612.1,43694.989308945704
2026-06-04T00:00:00+00:00,67612.1,67886.6,66927.1,67369.1,62784
2026-06-04T12:00:00+00:00,67369.1,67889.09,66911.59,66973.57,38323
2026-06-05T00:00:00+00:00,66973.57,67160.56,65863.56,66745.57,57218
2026-06-05T12:00:00+00:00,66745.57,66778.58,63469.07,63698.58,85551.6694237662
2026-06-07T12:00:00+00:00,63703.07,64219.7,63387.69,63797.7,7959
2026-06-08T00:00:00+00:00,63797.7,65102.19,63392.68,64887.69,146267
2026-06-08T12:00:00+00:00,64887.69,65902.19,64689.16,65144.18,83431
2026-06-09T00:00:00+00:00,65144.18,65793.68,63904.16,65538.66,100050
2026-06-09T12:00:00+00:00,65538.66,66101.18,63089.17,64450.27,177495.80264601766
2026-06-10T00:00:00+00:00,64450.27,65084.78,63165.27,63422.26,124103
2026-06-10T12:00:00+00:00,63422.26,64834.78,62475.5,62615.5,153510.39656539587
2026-06-11T00:00:00+00:00,62615.5,64900,62330.51,64609.99,120148
2026-06-11T12:00:00+00:00,64609.99,66978.01,63940.5,66807.99,136863
2026-06-12T00:00:00+00:00,66807.99,67137.51,65838,67002.51,106541
2026-06-12T12:00:00+00:00,67002.51,67412.51,66332.99,67250.51999999999,101605.43874303898
2026-06-14T12:00:00+00:00,67260,68693.01,67260,68478.01,5148
2026-06-15T00:00:00+00:00,68478.01,69717.51,68403,69277.49,80276
2026-06-15T12:00:00+00:00,69277.49,69782.51,69042.49,69442.99,38600
2026-06-16T00:00:00+00:00,69442.99,70032.51,69118,69745.01,62188
2026-06-16T12:00:00+00:00,69745.01,70002.51,68782.99,68803.01,57527.15546975547
2026-06-17T00:00:00+00:00,68803.01,70174.99,68793.01,69987.51,40792
2026-06-17T12:00:00+00:00,69987.51,70927.51,69697.99,70528,110539
2026-06-18T00:00:00+00:00,70528,71652.49,70352.99,71277.49,95399
2026-06-18T12:00:00+00:00,71277.49,72248,71244.99,72183,53576
2026-06-19T00:00:00+00:00,72183,72183.01,70730.51,71750.01,71319.24173061224
2026-06-19T12:00:00+00:00,71750.01,72145,71635.49,71811.09999999996,14985.045173446782
2026-06-21T12:00:00+00:00,71928,71928,71158,71327.99,3916
2026-06-22T00:00:00+00:00,71327.99,73489.99,71292.99,73319.99,60106.62816274635
2026-06-22T12:00:00+00:00,73319.99,73719.99,72657.99,72773,54119.882183607755
2026-06-23T00:00:00+00:00,72773,72798,68913.01,69363,142319
2026-06-23T12:00:00+00:00,69363,69807.99,68392.99,69698,109053
2026-06-24T00:00:00+00:00,69698,70313.01,68567.99,69747.99,169819
2026-06-24T12:00:00+00:00,69747.99,71463.01,68898,71407.99,126559
2026-06-25T00:00:00+00:00,71407.99,72697.49,70762.99,72352.51,99399.07112253642
2026-06-25T12:00:00+00:00,72352.51,72707.01,70787.49,70978.01,148343
2026-06-26T00:00:00+00:00,70978.01,71428.01,68777.99,69203,178639
2026-06-26T12:00:00+00:00,69203,70212.51,68932.99,69535.5,115650.1910724505
2026-06-28T12:00:00+00:00,69544.99,70296.89,69544.99,69782.4,3041
2026-06-29T00:00:00+00:00,69782.4,70154.4,68182.38,69956.9,137863
2026-06-29T12:00:00+00:00,69956.9,70849.39,68779.4,70694.25,81529.58654587912
2026-06-30T00:00:00+00:00,70694.25,70798.73,69459.24,70306.24,86836
2026-06-30T12:00:00+00:00,70306.24,71386.25,70038.73,71239.77,40153.10546911293
2026-07-01T00:00:00+00:00,71239.77,72109.28,70259.77,70881.77,85926
2026-07-01T12:00:00+00:00,70881.77,70991.77,69155.85999999999,69265.85999999999,73994.68412431862
2026-07-02T00:00:00+00:00,69265.85999999999,70055.37999999999,68435.85999999999,69092.87999999999,131509
2026-07-02T12:00:00+00:00,69092.87999999999,69895.37,67595.85999999999,68541.19,140217.32909368412
2026-07-03T00:00:00+00:00,68541.19,70020.7,67751.18,69785.68,108316
2026-07-03T12:00:00+00:00,69785.68,69965.7,69552,69567.09999999999,8688.552249984305
2026-07-05T12:00:00+00:00,69825.68,70356.92,69609.92,70122.4,3216.900812422947
2026-07-06T00:00:00+00:00,70122.4,70502.42,68937.4,70004.42,92231
2026-07-06T12:00:00+00:00,70004.42,70471.9,69591.96,69686.98,45861.864471057524
2026-07-07T00:00:00+00:00,69686.98,70081.98,68121.47,68376.46,89679
2026-07-07T12:00:00+00:00,68376.46,68611.48,67286.33,67341.32,82697.14259073304
2026-07-08T00:00:00+00:00,67341.32,68555.82,65423.31,66453.33,152230
2026-07-08T12:00:00+00:00,66453.33,67977.63999999998,66311.31,67697.63999999998,98410.6488749727
2026-07-09T00:00:00+00:00,67697.63999999998,68592.15,67464.63999999998,68004.65,99755
2026-07-09T12:00:00+00:00,68004.65,69290.37,67952.63999999998,69178.39,33200.66994922296
2026-07-10T00:00:00+00:00,69178.39,69482.89,68470.37,68895.38,54284
2026-07-10T12:00:00+00:00,68895.38,69350.39,68198.37,69280.38,44601.72139830923
2026-07-12T12:00:00+00:00,69285.38,69285.38,68470.09,68569.61,2590.8007614213197
2026-07-13T00:00:00+00:00,68569.61,69175.11,66727.2,67651.69,99702
2026-07-13T12:00:00+00:00,67651.69,68036.71,66458.95,66883.97,58699
2026-07-14T00:00:00+00:00,66883.97,68143.46,66338.95,68098.45,116204
2026-07-14T12:00:00+00:00,68098.45,68733.96,67918.45,68354.96,57865.6161300743
2026-07-15T00:00:00+00:00,68354.96,68904.48,67894.97,68279.48,47834
2026-07-15T12:00:00+00:00,68279.48,68636.97,67074.46,67418.35,55260.40042029661
2026-07-16T00:00:00+00:00,67418.35,67793.37000000001,66143.37000000001,66372.87000000001,71593
2026-07-16T12:00:00+00:00,66372.87000000001,66647.87000000001,65505.27,65505.27,71762
2026-07-17T00:00:00+00:00,65505.27,65769.76,62790.25,64310.26,109828
2026-07-17T12:00:00+00:00,64310.26,65249.75,63425.27,65100.25,84058
2026-07-19T12:00:00+00:00,64949.07,65094.59,64604.57,65059.59,3192.936612487834
2026-07-20T00:00:00+00:00,65059.59,65974.09,64624.57,65749.07,85016
2026-07-20T12:00:00+00:00,65749.07,65916.57,64635.82,64905.81,63852
2026-07-21T00:00:00+00:00,64905.81,66415.81,64311.3,66078.32,101881
2026-07-21T12:00:00+00:00,66078.32,67544.73,66013.3,67495.23,40911
2026-07-22T00:00:00+00:00,67495.23,67654.74,65752.22,65937.22,92931
2026-07-22T12:00:00+00:00,65937.22,66719.74,65615.23,66651.62,51939
2026-07-23T00:00:00+00:00,66651.62,67081.63,65886.13,66271.12,75169
2026-07-23T12:00:00+00:00,66271.12,66286.12,65001.11,65433,84614
2026-07-24T00:00:00+00:00,65433,65712.51,64213.01,65123.02,120395
2026-07-24T12:00:00+00:00,65123.02,65222.52,64263.01,64360.01,87634
2026-07-26T12:00:00+00:00,64360.01,65715.07,64360.01,65415.57,3852.9480890204577
2026-07-27T00:00:00+00:00,65415.57,65415.57,64195.56,65035.57,109501
2026-07-27T12:00:00+00:00,65035.57,65230.07,63385.55,63551.869999999995,102236
2026-07-28T00:00:00+00:00,63551.869999999995,63641.88,62011.86,62456.88,136468
2026-07-28T12:00:00+00:00,62456.88,62986.36,61926.869999999995,62801.92,103410
2026-07-29T00:00:00+00:00,62801.92,63251.91,60521.9,62816.380000000005,185895
2026-07-29T12:00:00+00:00,62816.380000000005,63071.39000000001,60896.880000000005,61542.12,154149.57782333845
2026-07-30T00:00:00+00:00,61542.12,62999.11,61317.11,62647.61,184495
2026-07-30T12:00:00+00:00,62647.61,64487.38,62487.61,64287.88,87562
2026-07-31T00:00:00+00:00,64287.88,65512.4,63532.88,64047.89,112790
2026-07-31T12:00:00+00:00,64047.89,64132.39,62652.88,63057.4,116254
2026-08-02T12:00:00+00:00,63057.4,64190.58,63057.4,63795.58,3712.1840724845015
2026-08-03T00:00:00+00:00,63795.58,64000.09,62625.58,62665.59,109948
2026-08-03T12:00:00+00:00,62665.59,64313.14,62127.59,64308.12,62727.50156915527
2026-08-04T00:00:00+00:00,64308.12,64527.64,62948.12,64457.63,88077
2026-08-04T12:00:00+00:00,64457.63,65879.61,64252.62,65544.61,36409
2026-08-05T00:00:00+00:00,65544.61,66484.11,65514.62,66369.61,58945
2026-08-05T12:00:00+00:00,66369.61,66816.61,65448.94,65553.94,60258.803324880246
2026-08-06T00:00:00+00:00,65553.94,65883.45,64983.95,65413.45,76946
2026-08-06T12:00:00+00:00,65413.45,66375.96,64948.45,65881.67,69972
2026-08-07T00:00:00+00:00,65881.67,66063.66,64691.65,65968.65,72742
2026-08-07T12:00:00+00:00,65968.65,66738.67,65838.65,66301.67,56867.983133884176
2026-08-09T12:00:00+00:00,66301.67,66434.04,66137.03,66199.03,2282.889737756505
2026-08-10T00:00:00+00:00,66199.03,67598.52,66074.02,67188.54,52178
2026-08-10T12:00:00+00:00,67188.54,67256.02,66447.67,66592.65,43154.2832065313
2026-08-11T00:00:00+00:00,66592.65,67547.15,66342.66,67337.16,31333
2026-08-11T12:00:00+00:00,67337.16,67534.66,66942.15,67264.45,31720.36711236074
2026-08-12T00:00:00+00:00,67264.45,68211.47,66779.47,68191.45,33345.47838109603
2026-08-12T12:00:00+00:00,68191.45,68933.96,67844.46,68378.34,37960.970261601586
2026-08-13T00:00:00+00:00,68378.34,68847.82,68143.32,68437.83,45409
2026-08-13T12:00:00+00:00,68437.83,69547.84,68303.32,69212.08,26762.555405575426
2026-08-14T00:00:00+00:00,69212.08,69646.57,68497.07,68979.08,46409
2026-08-14T12:00:00+00:00,68979.08,68999.07,68464.07,68744.05,30168.883151569105
2026-08-16T12:00:00+00:00,68741.57,68991.81,68741.57,68962.33,1539.2064209937569
2026-08-17T00:00:00+00:00,68962.33,69316.82,68512.33,69059.31,24222.662611950276
2026-08-17T12:00:00+00:00,69059.31,69554.32,68866.35,68936.35,23906.916976170654
2026-08-18T00:00:00+00:00,68936.35,69120.87,67085.85,67320.86,53966
2026-08-18T12:00:00+00:00,67320.86,67415.87,65931.77,65941.79,45839.60351238478
2026-08-19T00:00:00+00:00,65941.79,66403.77,65156.77,66106.29,88319
2026-08-19T12:00:00+00:00,66106.29,66896.29,65741.78,66074.84,69580
2026-08-20T00:00:00+00:00,66074.84,66384.36,65414.34,65441.85,63816
2026-08-20T12:00:00+00:00,65441.85,65984.35,64889.35,65271.1,52911.68349146699
2026-08-21T00:00:00+00:00,65271.1,66470.62,65191.11,66268.1,55166
2026-08-21T12:00:00+00:00,66268.1,66288.11,65605.6,65968.11,35276
2026-08-23T12:00:00+00:00,65968.11,66236.52,65806.5,66181.52,2279
2026-08-24T00:00:00+00:00,66181.52,66258.51,65266.5,65676,60024
2026-08-24T12:00:00+00:00,65676,65681.01,64861,65148.5,39084
2026-08-25T00:00:00+00:00,65148.5,66363.01,64613.5,66167.98999999999,69440
2026-08-25T12:00:00+00:00,66167.98999999999,66325.5,65568.48,65660.1,33465
2026-08-26T00:00:00+00:00,65660.1,66514.61,65390.1,66267.1,48823
2026-08-26T12:00:00+00:00,66267.1,67341.73,65767.13999999998,67081.72,31512
2026-08-27T00:00:00+00:00,67081.72,67091.72,65761.73999999999,66263.73999999999,57920
2026-08-27T12:00:00+00:00,66263.73999999999,66431.23,65678.73,66132.89,43389
2026-08-28T00:00:00+00:00,66132.89,66824.88,66027.88,66499.89,45813
2026-08-28T12:00:00+00:00,66499.89,66827.4,65637.38,65807.9,59470
2026-08-30T12:00:00+00:00,65807.9,65807.9,64798.41,64808.41,3899
2026-08-31T00:00:00+00:00,64803.42,66492.92,64578.42,66307.92,61669
2026-08-31T12:00:00+00:00,66307.92,66492.92,65695.4,65800.21,36269
2026-09-01T00:00:00+00:00,65800.21,66529.73,64950.23,64979.71,61548
2026-09-01T12:00:00+00:00,64979.71,65609.73,64620.22,64807.01,35794
2026-09-02T00:00:00+00:00,64807.01,64912.01,63706.49,64166.51,56326
2026-09-02T12:00:00+00:00,64166.51,64826.49,63961.99,64669.19,35216
2026-09-03T00:00:00+00:00,64669.19,64689.19,63738.7,63758.7,76838
2026-09-03T12:00:00+00:00,63758.7,64765.45,63689.19,64600.94,45497
2026-09-04T00:00:00+00:00,64600.94,65297.94,64270.95,65270.44,33629
2026-09-04T12:00:00+00:00,65270.44,65947.95,64635.95,65782.96,39844
2026-09-06T12:00:00+00:00,65782.96,66370.55,65782.96,66056.04,2258
2026-09-07T00:00:00+00:00,66056.04,66670.55,65855.53,65895.53,52754
2026-09-07T12:00:00+00:00,65895.53,66163.03,65787.66,65812.67,9986
2026-09-08T00:00:00+00:00,65812.67,66772.18,64912.66,65399.68,57155
2026-09-08T12:00:00+00:00,65399.68,65609.67,64794.49,64939.5,40189
2026-09-09T00:00:00+00:00,64939.5,65769,64389.49,64413.99,47174
2026-09-09T12:00:00+00:00,64413.99,64978.99,64131.49,64572.99,40874
2026-09-10T00:00:00+00:00,64572.99,65317.5,64143,64537.99,64550
2026-09-10T12:00:00+00:00,64537.99,64603.01,63117.99,63133.01,48198
2026-09-11T00:00:00+00:00,63133.01,64472.5,63022.99,64272.5,50544
2026-09-11T12:00:00+00:00,64272.5,64890,64008,64662.99,37068
